soil_moisture,air_humidity,temperature,light,output
42.47240713084175,74.90808570098726,19.62832322096549,567.1736066225963,0.0
77.04285838459498,66.80481831720601,28.54752368445895,531.2636898667579,0.0
63.91963650868431,55.47638081431639,36.82364589691021,123.07785922579212,0.0
55.9195090518222,80.68975098534743,33.305622160239025,407.1230448635407,0.0
29.36111842654619,74.23655862769397,35.16402869653624,442.17605690727135,1.0
29.35967122017216,48.130846967244565,31.46958416776793,458.94050280721046,1.0
23.485016730091967,85.54635922469213,32.30691411294632,622.1551323045991,0.0
71.97056874649611,81.12686214615846,36.22989128913298,580.2422920541906,0.0
56.06690070459253,87.4899956645962,21.241700221479647,647.1145835141001,0.0
62.48435466776273,76.28597541941801,27.23562409107852,788.3949353879154,0.0
21.23506965774815,70.6707597967895,20.530236045490057,831.6871648444841,1.0
78.19459112971967,60.912151814530944,39.69170019991617,746.310768603845,0.0
69.94655844802531,86.63642416770065,38.60148349216533,959.9713263594412,0.0
32.74034664069657,83.30319447502042,15.985670284212649,116.40932440872548,0.0
30.90949803242604,42.26093350530947,32.63937931289221,276.2001871151915,0.0
31.00427059120603,41.3183487248626,38.13120793539164,106.8065874803279,0.0
38.254534577572265,58.82316834390248,19.51438362818334,682.7272427391428,0.0
51.48538589793427,80.52766653909165,29.198630763815736,908.2274940549884,0.0
45.916701118526944,89.36380646574722,37.88720743970104,319.1340669186693,0.0
37.47374841188251,47.52084455517641,15.848649464644971,934.331090316676,0.0
56.71117368334277,69.70653576760675,32.435506681171,154.24065126060475,0.0
28.36963163912251,59.04454283155108,22.43372518431377,940.9924241249628,1.0
37.52867891211309,88.49571989073016,38.10990488441326,416.460418515671,0.0
41.9817105976215,82.10594615678544,39.27645612913419,191.27874560429487,0.0
47.36419905302216,81.91643523555689,38.60666222783585,537.284583267693,0.0
67.11055768358082,63.43465798974852,26.855355416436595,331.0989109484572,0.0
31.980426929501583,60.74097511688326,36.55106627473283,356.3856117657306,0.0
50.8540663048167,53.670353596535314,36.11373496337676,376.56096843365793,0.0
55.54487413172255,42.81877483254635,22.97751183108139,822.7233080493971,0.0
22.787024763199863,83.23611881275266,35.72288685376694,585.245149007729,1.0
56.4526911140863,80.64505045650388,15.925190867887316,380.1769292404033,0.0
30.23144742123749,89.98588366430653,29.90674696205133,649.3004049798266,0.0
23.903095579116773,89.83184185369527,20.750220932192576,744.5356068008742,0.0
76.93313223519999,67.77158528013138,18.01417214443197,345.3616006601804,0.0
77.93792198447356,78.44937075902553,16.92383004073023,472.1941913728164,0.0
68.50384088698766,87.23828649412141,32.407219396953494,209.6974840032528,0.0
38.27682615040224,82.48236953387058,23.49687409420165,263.0344145812123,0.0
25.86032684038303,52.36740508715988,33.11916928821904,713.0060685684846,1.0
61.05398159072941,62.52720676550467,16.63390851997356,263.2945129260643,0.0
46.40914962437608,46.45797075757475,22.88225844576526,572.6470453003542,0.0
27.32229409068673,87.70255136293612,28.48728230938343,738.1416355501894,0.0
49.71061460667621,70.308731722544,34.76807912097409,196.18923078526944,0.0
22.063311266913104,51.43214027517314,22.968812573301747,610.5809976660132,1.0
74.55922412472692,73.58503422029284,30.647284410925227,330.9065053312274,0.0
35.52679889600101,70.90641202289478,37.14944370590467,966.6341877138218,1.0
59.75133706123892,57.90813590164203,30.396579704557617,535.1910820479322,0.0
38.70266456536466,45.67787960998145,20.823986868840844,825.3932947976423,0.0
51.20408127066865,73.57865977963998,15.61001953891345,595.2038879406356,0.0
52.80261676059678,66.01538504518966,36.752471847523246,139.07127956933726,0.0
31.091267331531625,78.61591958678196,15.53173527125968,669.8362380346201,0.0
78.17507766587352,66.00817505559966,36.867541817104986,956.2630079859912,0.0
66.50796940166687,82.609075015927,28.2234283506803,641.450638131698,0.0
76.36993649385136,67.59534193872427,38.476692462822406,837.2699734841112,0.0
73.68964102565893,68.04689857676931,34.96958089434163,895.785817013567,0.0
55.87399872866511,83.83268013291726,39.94835276333343,305.2717947540392,0.0
75.312454101387,60.174143310619854,23.76779538629276,290.84035591740394,0.0
25.30955012311517,46.70076142253204,34.17970722327817,649.8828899658926,1.0
31.75897174514872,41.43913381566695,25.048272840231053,469.9256228260342,0.0
22.713637334632285,77.75686278368096,26.99689050759772,855.8751725800483,1.0
39.519819845795865,71.01547756767323,30.68763658045925,910.02081105821,0.0
43.320637381368925,75.20398840496118,36.84192785465847,418.0792413724463,0.0
36.28094190643375,50.64820807544554,39.602086729982375,313.18350307703383,0.0
69.72425054911577,46.818573779338486,34.206835346612955,802.4729637194756,0.0
41.40519960161536,40.7272332833941,25.444169554183343,347.32543199332247,0.0
36.85607058124285,57.52937794032985,25.533925056926755,840.3528866623105,0.0
52.56176498949491,69.49588434273166,33.43955753972229,481.3644282838865,0.0
28.45545349848576,59.61220225498661,20.96942864420756,700.7949093623234,1.0
68.13181884524238,61.873746101186455,17.761852828284866,185.98178245120133,0.0
24.473038620786248,85.20793472468742,23.865553941019414,661.4733922089157,0.0
79.21321619603104,57.412773351165015,22.180974791352043,506.5909108635062,0.0
66.33468615779944,65.69947445799053,22.40770301139976,627.9476168579267,0.0
31.922940892050345,79.18265063705715,20.840193776247748,251.21278697037707,0.0
20.331327027416144,59.82713911606351,16.052329740909048,763.1863704497639,1.0
68.92768570729005,71.10433501139367,15.446848368335344,876.5173697889057,0.0
62.41144063085703,83.11818543733726,39.69305974340079,295.0658200816981,0.0
63.74043008245924,87.47603118288211,25.69432834339656,186.14309996814555,0.0
66.27622080115674,47.3536740464519,24.608166178992043,121.27472744170277,0.0
24.44267910404542,86.32938125807472,31.991182067326747,677.7743503989394,0.0
41.50794371265636,64.6058146539769,20.4563471966266,646.3846324799027,0.0
26.952143571507783,52.91221941494792,38.749029598755634,592.027671442663,1.0
71.78620555253562,62.95678781191307,34.6586253603888,308.7523865043779,0.0
57.39788760965347,89.00162876427385,17.235275057806486,451.8153963149632,0.0
39.85388149115895,64.63090469964348,25.43951939462321,635.0287016675558,0.0
23.813501017161418,56.43758051437541,36.97795768905412,547.0901729732525,1.0
38.65893930293973,71.67004271583629,38.61830055728525,989.0069681933986,1.0
39.51099932160482,52.00728093890965,26.68503778124674,222.7957773010598,0.0
63.77637070028384,43.7931664054332,30.33528473026769,725.6300986428344,0.0
58.25344828131279,46.44398609553246,19.17584865230188,463.8868912938629,0.0
73.23276455457959,46.40229194788862,39.779215653424416,485.3796534330533,0.0
48.33289550971696,47.59513467561472,20.791792534586087,745.8379890923586,0.0
27.1756547562981,46.94135863247051,38.56829435337814,723.1925361919327,1.0
62.7946872333797,72.04373724016074,31.241166224809213,992.1303943319696,0.0
65.64710291701385,49.09400421995724,30.19341987197148,215.5548605087127,0.0
53.67663185416978,57.28336416619316,27.81721277541272,193.6986844457497,0.0
66.25803079727366,84.8394204953006,20.76674529294397,751.904935415867,0.0
49.62773578186344,63.69808201314362,19.41320080013771,620.5482253057681,0.0
51.363969762919645,73.37788692605136,20.512155226754384,346.74459990382525,0.0
45.652461101512976,48.61599356008149,19.66095655360636,171.47743209008794,0.0
21.52514760464571,49.61445094043354,34.48961183916883,177.09242463678748,0.0
26.473485619598268,42.04343081332394,23.753131479168253,904.7717871977064,1.0
21.885751141204054,48.44675315360823,16.44606691408491,272.6805922468686,1.0
58.184624675826825,53.92951695159793,39.22756575352028,391.0344059039687,0.0
38.8613588645796,48.85052421383734,37.09464712408564,303.9907620042892,0.0
50.514241469882165,44.43512668785278,38.19380707988032,419.4966752487436,0.0
74.45398843556558,46.03179355503004,39.872695566160886,162.48145847148402,0.0
34.9575337489325,63.03893840163629,19.347381230487184,567.1538118174433,0.0
44.62297538213778,50.31668592028963,24.90605047256647,160.8513072329934,0.0
65.33306831258292,58.21349305240378,33.95596189260228,820.3208570401254,0.0
33.72788992949735,65.17086354274284,32.4005154513448,310.3408737193897,0.0
24.61879458972757,74.51974143146826,18.847397658496376,586.0107231440595,1.0
37.38508717482608,41.965606992054944,35.395828124765444,892.0711788053125,1.0
29.673277235240263,79.97051994545214,20.61101429591652,685.7896321424747,1.0
75.78185914055439,71.39501947454539,20.595440370565576,579.6620078962018,0.0
68.48722277386501,44.08795159744359,28.42436057233534,391.90037780383807,0.0
58.00422539062541,83.67893120533887,29.82349837104258,399.70172175237815,0.0
72.28763541126307,86.04362002659066,29.50215519594528,702.5382596783711,0.0
68.22032461394687,43.05389799274319,17.287170934943873,994.7254250990508,0.0
31.19420353316216,53.84388240736018,36.93652156575951,695.6552708644408,0.0
73.55353990939867,80.31006398965306,21.64000106471765,602.0050756330224,0.0
52.36053451493904,77.41298451918291,18.237873032070105,757.5854592153215,0.0
68.44640930984374,49.226050967818864,37.218701996724434,518.6850510553463,0.0
73.7654779954096,50.46746616683552,38.89128745574384,154.1281083407067,0.0
39.08020849831183,58.5236051395691,36.55319043163627,606.0671342901188,0.0
26.603115471660605,64.22614925955106,35.23790186812195,961.8627560548422,1.0
33.6761097525165,70.9127385765148,31.381049515975544,257.77264812189367,0.0
45.626467317575376,58.44568197848862,28.77143426522848,721.0044017385992,0.0
69.08088595534959,63.12673580665739,17.174668997785254,280.8403197931508,0.0
71.64383499538062,77.37354690668784,25.211330326767467,582.2449160257731,0.0
20.417127831871444,41.834160144529896,24.31721292530785,187.00880468204764,0.0
50.64483815465394,52.62184721720104,21.49384459400816,505.3338426323666,0.0
45.04466018892674,75.66747929422762,33.08550284221462,780.5469960057214,0.0
33.326468628243816,84.76034188435997,27.39689337696927,412.8143718150839,0.0
27.19192204002097,65.58387210578331,17.0261553976912,698.4205520384962,1.0
40.25691028421768,66.60567426326578,20.50458004874528,815.9049647107563,0.0
76.57458223475115,45.358600566988805,32.08146909148989,934.4600375315074,0.0
39.39217592124531,62.37061834117273,16.903271487257506,311.1778736699082,0.0
51.12743730460197,66.63086332275115,36.28017285121922,459.38432422837735,0.0
62.18113753371067,52.12352518173648,27.37866317534936,237.1744119973757,0.0
41.81777614275764,53.46216154746905,27.0146644331662,993.2351519425376,0.0
78.30692496325764,58.86420815523113,29.81019461648794,934.3008711318656,0.0
77.74683769652668,41.00355988888632,35.61702414812873,585.9614172525037,0.0
35.10693774952185,56.10395827915892,23.695230197554828,857.8299649387792,0.0
49.83491035354312,50.572400349827234,31.95040381397659,568.862179544838,0.0
38.05269858900618,56.37486760889573,29.143299099894776,661.2271192024838,0.0
37.090429662648056,45.98810659096256,21.67570675423553,180.21198890441497,0.0
22.21321684127197,84.52636403699475,36.96574965887895,779.7433784471272,1.0
56.57386003879381,69.67962267770244,34.9356505401732,214.9421352717113,0.0
50.16074139373169,73.95511595722448,31.46129586646064,843.4608672272756,0.0
23.08872507499936,79.45856193036691,36.26454322735604,803.8252789033473,1.0
36.71878785419669,64.92210994645286,36.68235502399506,737.8702279686788,0.0
74.49595315799922,44.34601440437118,32.70907441787587,132.5443424722859,0.0
34.37371344001835,66.85532709092739,35.925333209091804,372.8155203507957,0.0
28.693692325473386,69.34205590104395,32.43678654173209,336.8013129197586,1.0
49.36716561665378,77.2719737092165,32.00351929400751,424.1227667243672,0.0
79.13902724663603,61.58297731148397,30.46528445537961,178.87847208745467,0.0
34.523316290690026,46.37901513977819,33.81791598894103,943.2620407279566,0.0
60.32813284435272,54.18879528993622,18.96512763232684,598.4220166411387,0.0
65.69717691972306,58.15411481993176,37.02176897997321,374.9718795922212,0.0
34.25825263954398,72.29586206658007,36.7960881936308,457.2833653668551,0.0
63.692980916711576,68.53891523344559,15.73118207586398,502.4822864543521,0.0
42.06698796315519,57.80483629489231,35.64541876411907,640.5349000245556,0.0
57.938349835614765,89.32576243964898,18.22174668683613,564.111484926848,0.0
58.01178264565368,70.28874096784436,23.377971356478547,927.4527758929756,0.0
52.14648104448551,51.86133958679972,33.5877064072902,547.2671346152472,0.0
25.4173862032645,45.089123631020186,19.018997401207702,992.9422133409814,1.0
70.11814973535428,47.642956959216605,35.44917560297655,866.2824619705862,0.0
39.24680389830415,52.29788641922541,35.80335444894355,287.6594629216022,0.0
31.191110623991253,48.03406866297779,27.686693344020902,937.5356931795246,0.0
22.44650849328584,49.32835120256529,15.15964679292084,204.7297580969285,1.0
55.45357659129451,54.25475843469236,22.17595332937282,835.7047376420725,0.0
60.653861710536944,48.66867976473774,30.42317295939356,442.5609641289221,0.0
20.995269735671368,84.83827123132126,39.529654450685584,890.1768884005626,1.0
50.72558349795686,44.01168728308211,30.79533817541671,881.2510210967054,0.0
33.58974651187628,66.22556947851274,21.495089526603994,825.332860105859,0.0
58.71036742456699,60.51984134948307,30.85014257749028,811.0273926763552,0.0
30.46198574029949,89.11893084543033,28.499634492896387,374.2112251882367,0.0
61.45626428614796,45.60194510840262,34.49613487877859,172.82735474612696,0.0
43.20412077803225,59.892779952287086,17.67451597067396,462.6821608886453,0.0
76.20379932420407,88.47352166376845,34.025697562550704,256.1720634878578,0.0
28.2512566487596,83.27535629469901,28.53166446690276,725.4559800122155,0.0
40.46398106301551,80.85360354746399,39.07480009647487,411.489753884007,0.0
26.808411274435343,52.895141352247,23.54680415096715,978.0491807739234,1.0
75.48161709671376,48.54437936950329,30.815547328348703,676.8748696107988,0.0
72.64036120285886,73.43216099622154,38.30070263775043,840.2325072709249,0.0
35.47649766290934,86.46879945637929,17.56274319976698,219.2722054676636,0.0
59.59904276205074,67.83814465069649,38.43071218091128,875.8130340453603,1.0
69.03333201207295,68.580634473495,32.197143057520336,930.4814714620549,0.0
53.31204869596774,53.998954683014205,16.695926477629296,538.3557269370424,0.0
51.77903470136039,78.47464665959684,22.524089173670404,645.6276439758797,0.0
34.5111374540271,49.35218742787617,32.704302216132035,788.3288208126959,0.0
25.58616606835396,56.18396182021218,16.683765036719294,257.35476453437127,1.0
73.83294547719962,61.27182193082084,29.55426150440683,552.3094688170981,0.0
74.02508342979982,65.38051893422275,23.64707642382392,458.7967249950818,0.0
57.98608743639608,52.12048662075401,30.522887944186927,231.7365929460242,0.0
40.34178746292204,45.74184123696018,16.14355084531282,430.7809800623783,0.0
40.95257447675965,70.53100212208163,36.78842015380941,161.35507844694422,0.0
63.55734073221437,54.43152766201279,39.33722422943492,123.2307162545383,0.0
73.82661559715463,69.06191107113061,39.22194638214229,221.6496602393405,0.0
73.22518545590704,47.71813576371012,33.74129579357312,966.8036004302564,0.0
66.79253275145743,64.05700509274087,18.2521560032658,594.5765823055153,0.0
58.52189876925726,66.62947162757929,33.95657989822556,969.239945037898,0.0
25.04839789970293,42.59117684112135,15.614672911470038,489.2480904971188,1.0
29.697722845676825,56.83021390969603,15.553088788224931,380.6345197767336,1.0
73.91325131162475,46.72073384694871,23.09025547873853,555.5276765562196,0.0
56.3857435795754,43.16874852363839,27.21607976011664,495.56051976961913,0.0
20.55182309699778,89.49801161949726,34.26018544519483,195.0982158355696,0.0
26.08829257196193,56.11769224873615,32.08238441516263,676.7436832211856,1.0
59.81010614648335,80.49372229273175,26.14756765941871,294.4343642586397,0.0
20.30369503077312,52.7320327381882,21.840666657041645,657.6291594080466,1.0
29.64848308504992,74.07513611119646,39.92811250394278,685.180983158338,1.0
52.924027361995165,78.01139299448432,25.654532555899323,236.8223678157833,0.0
61.5137118615616,69.78193703039221,26.284675608241887,155.21466439960136,0.0
59.11767557015603,63.57880942750792,19.090595529791727,802.6854274615959,0.0
33.45615856763359,60.59204570736343,34.87023871874823,513.8203813923882,0.0
62.73075328085215,57.44341332714977,32.34205564453721,152.3474159549282,0.0
34.23494524980801,86.4764572123913,20.51924031971901,995.3796854527905,0.0
39.52398188955606,81.53097038938645,17.059526140396066,152.00250489673,0.0
64.78948430708145,88.25134553332563,32.012482551867826,725.5317059726979,0.0
58.97797394283288,46.21486117427724,31.36278035702838,985.3110327370722,0.0
70.95340462965068,76.54337376018222,21.83148817495524,315.26209379433305,0.0
59.4567735380206,86.91702284105189,38.771589056260254,228.02443181847656,0.0
54.09851620012829,49.061653308283006,18.776447294522505,209.24644548018605,0.0
25.620486069685548,43.32481336833887,25.80837002606505,372.947632810836,1.0
42.06294818356601,77.05603246450295,38.59039800418997,190.94122990958203,0.0
35.91214206090353,68.7236556589956,25.493182923153057,722.9452075247187,0.0
34.63937860274501,82.0914388379136,30.96314869160214,156.06261831705643,0.0
78.38063328514673,46.98861883131448,24.939859949069856,558.4799153348108,0.0
43.58586348000563,79.76336559299452,21.85538005871675,997.0271684676792,0.0
73.5227933106268,50.08136600238723,39.599441198995706,832.573242555417,0.0
57.86831755983577,48.18279714328523,25.233350157876075,653.6974944079097,0.0
67.6886782124989,48.21328989654965,37.35248009197837,375.6282587079505,0.0
50.15822558631153,80.72873601156911,20.748865147277154,661.5062526624746,0.0
54.614233077581545,73.25986103481,20.32761760062708,574.3373175204865,0.0
49.55106162913184,66.15327123845597,15.778352072112783,483.4750455013343,0.0
31.71457926788267,57.94152420617512,31.291670634397125,217.6393390661796,0.0
63.34712691569032,83.86002704065541,24.21315859309403,897.94379371642,0.0
36.846341746451344,59.62225537113177,36.608956245990925,504.8061839391903,0.0
21.45895798588723,80.82997197357886,26.83024766728893,275.16026063868856,0.0
58.72833775443007,61.95674542851092,39.20483569786804,430.98341578956064,0.0
30.626640764422937,58.847221471245376,19.63813789257803,472.7167772760344,0.0
76.42751506117486,63.13398928348032,36.71557919889027,844.7841060101869,0.0
77.23571462015525,55.06889370820711,34.41492131979354,760.2529425052618,0.0
74.89186341322691,77.38046900881255,34.2730461161013,792.3744042772058,0.0
42.20952201532666,65.13601950462396,36.11958070292219,109.92813798578248,0.0
20.92739699173205,51.61063475734086,34.02559977357497,474.5385983617854,1.0
75.69911375526353,84.97872866372842,30.655508040785385,533.2097364717913,0.0
45.69104889903886,59.19456106866057,18.28112194205969,117.273049140751,0.0
77.99928914262017,67.17764305569943,15.8131544872813,333.8318878705308,0.0
77.81719862535516,85.32360554822735,38.02119619539217,784.2608408099215,0.0
71.1805673280416,71.21189979569961,30.41625786301845,223.39873515609915,0.0
37.66693352417514,45.8449020354182,34.91343227440441,581.7791183073325,0.0
43.10586371611552,86.99160618067376,27.03805878781376,293.6816848155138,0.0
71.06820029101141,71.38540265357089,17.93270472405986,110.90869717950396,0.0
39.01532030937666,56.74528073285431,18.12964480506376,317.08131183958733,0.0
30.16956480116555,46.96360363316936,32.13913218072429,978.2863794190484,0.0
53.40807574750101,79.7012594635148,25.757647372486566,821.3834006946906,0.0
76.16928644964686,71.00363779642568,20.013118167508416,963.61897988893,0.0
61.76178780049838,66.67305459881608,27.28986366853592,539.0686395337261,0.0
54.203670205361895,84.69462915254789,16.605223426878354,198.7625788097532,0.0
25.83058962624612,79.42986056122655,29.549285047859968,593.1635400763237,1.0
56.90043360195018,47.58374398663756,21.724835110877443,508.9396011039648,0.0
79.4032310062558,55.58610338977741,34.93897751592971,859.9213744656544,0.0
28.40504091419144,52.424456990723286,22.759048973089342,188.2743227058201,0.0
51.0997791418242,77.19731462863385,26.38050372704503,539.4170233196004,0.0
72.64238431567733,41.67662173678897,15.290513497702516,235.04379822458583,0.0
64.44611706525227,68.49448424356582,16.81117219486397,392.208334201054,0.0
61.82094445971608,78.12293428703452,24.81233891016712,763.6213696490197,0.0
62.14904503922656,83.83828183808748,26.998470867928088,528.4163164318899,0.0
41.56946907318531,57.10408743579538,30.000513702982595,438.2994566311924,0.0
37.6155106558696,81.06286523360063,22.29156446773258,455.02865071303177,0.0
68.56166932871082,45.53158684776036,32.37454715316356,513.5020915653879,0.0
68.60680368075084,82.3226145867259,36.503059929730114,806.5148894533512,0.0
72.02433911480622,46.37443311659912,34.496274722333744,902.876220046211,0.0
74.79443315338827,59.86436452801836,15.990470633708927,959.8012178535356,0.0
50.68054393165627,79.86476828897767,27.01267368144573,808.2130476297656,0.0
50.090977681231976,47.49587136743869,17.623254460454373,383.8662061732115,0.0
67.89771073800651,51.46256976163208,21.051125396563187,719.321235477888,0.0
58.99783584666591,76.1126284196533,39.66656483167866,493.8428116498527,0.0
62.1180126354622,76.00182682730372,18.56238857253783,329.20355984144607,0.0
67.74756016616607,72.05738164426486,27.472203836283903,856.7844214833303,0.0
73.40032050905398,74.697422223355,30.45389335795298,134.5837140660925,0.0
40.27970941109215,67.13622216737981,32.5616242636026,911.5857929218812,0.0
42.53497715839664,52.58995294534763,28.991217087172853,515.3297181622607,0.0
25.63891639045213,57.28479967519597,15.244271185479592,673.4813291274523,1.0
54.69680845977044,49.079885840071285,23.1615327060998,693.4185299852045,0.0
22.156536427804525,85.42252806668142,27.942791084617788,905.6059666358829,1.0
47.93588108794761,69.16958973830603,17.196662478620834,673.0027139504866,0.0
52.5586780824546,60.042570838182,23.76567328022952,652.5402262840556,0.0
37.192475127697065,63.10029018220664,15.830077719784164,159.98683650462095,0.0
55.44999563414065,87.36416698059077,16.964462428875517,566.5672197506836,0.0
21.830014996342967,47.66757015580401,24.9230819050399,235.15210073533748,1.0
22.240891324952862,69.31149160083986,18.31789385107651,763.6903918493371,1.0
69.3560336395795,65.2944339442233,29.188521206538955,560.999728731407,0.0
41.61143848467577,70.57271177173239,32.236624228431644,712.205001287518,0.0
27.623630759113087,40.90550919104203,35.01466747772707,137.50561054214583,0.0
51.33459560328826,83.60619544720757,20.003756106120253,176.31281444122288,0.0
66.19961318591665,86.60591412418063,19.187064556476745,744.691049256414,0.0
32.949261649810595,68.25665917946044,17.614196008360008,164.87590239880603,0.0
57.373428549140016,74.8325411938446,30.91075623859092,164.13105498873273,0.0
25.12084789962608,86.12496905886479,32.66189316217253,110.89762771139873,0.0
23.10090327011646,75.36193171566993,15.789653620641053,960.851258469532,1.0
51.88127789408888,47.62695214571307,38.40530615609224,763.7575235131062,0.0
52.43810729660639,68.81441800834065,16.29928209128681,417.92626765185776,0.0
58.24579408989239,70.3357523191428,28.53240838252676,366.8820231588897,0.0
63.56548002335969,61.2065335651193,32.72651298627291,414.7329067712646,0.0
78.55112476775207,76.82221178123615,36.77422809365214,797.1881780630637,0.0
50.97802089807172,86.71835073845074,32.85217330331069,695.233549963373,0.0
39.37738837647476,86.27842564533881,35.04320207674479,266.67601108072114,0.0
67.71117168612221,62.541968570206606,23.486254813570152,256.6984018006759,0.0
36.24993507572445,45.661902292037766,35.3706278436628,188.5560847420576,0.0
46.338285242338166,89.24205994811672,17.00287115961688,694.2724477312044,0.0
24.70738288053596,81.94490432229671,37.37041640151319,787.9353959995624,1.0
21.52104460492745,46.233134060163344,28.689809403843405,338.54178549250366,1.0
77.7589048806755,86.04209413086862,35.43244424906234,118.85046492782152,0.0
70.15880723073235,83.49481810310641,26.307957112957503,173.9545007287846,0.0
61.75845236562188,65.94190285630361,31.089442379913123,971.0740313605274,0.0
44.53717666485619,69.56377178724647,28.16006652340284,365.90029972967824,0.0
30.397659204250747,59.95013519350651,33.2897380438833,792.3008330543203,0.0
29.38622256026516,42.73808194110157,17.04074955076474,662.1972119688375,1.0
35.01457388987572,56.75986208229504,16.508802099764097,443.7456756876063,0.0
52.95359988236723,80.14267242990057,21.177580850253666,285.11853597599963,0.0
62.87575536200374,40.23160115023014,18.98861700282971,209.24777634346577,0.0
59.61184260306388,56.67495858455721,36.794589164805046,653.51167123498,0.0
36.79603381675657,59.90843467954717,20.480349683951108,797.1704025740091,0.0
77.29191683979164,66.86978014689615,39.39663139547828,679.5138281870176,0.0
64.2738150017461,85.99278082063802,23.422394794277672,577.2719199242424,0.0
53.26124315068404,57.31729971829806,19.55294789221748,137.75610108847263,0.0
56.70324477406113,57.34766009481139,34.74246267856198,971.6398998349454,0.0
45.176003745667394,76.87506240548743,31.467694387521902,818.8427724891171,0.0
34.86385937006945,62.61089704449036,27.454892911328475,363.5398330308682,0.0
41.35836071907569,51.2302411469991,28.88408877344078,981.9732964229656,0.0
65.47076662786215,62.621975806634666,32.9800444568066,641.6934306726899,0.0
20.86360931778536,47.04285101898999,20.711368533282467,624.1803923865218,1.0
26.96435843041497,48.819349325311165,39.90834790141855,773.2658614865788,1.0
22.760158521305165,64.91838863697399,39.36982905366958,830.5928092811238,1.0
22.44372813913821,60.9462724752274,31.258142158673422,690.8307465983523,1.0
71.32763504066043,85.742295053405,19.988561273228623,215.28617172958,0.0
62.219471562801424,58.119694955831655,32.00570606078229,404.4407553950485,0.0
48.45042974523951,69.02941751390217,16.804960224479395,935.2752762934448,0.0
25.87004963906009,71.61321439597651,15.766312555145152,302.15405065946675,1.0
49.49695250700994,40.65472282941669,21.442072212780342,434.950321453762,0.0
48.408306246833945,73.17686860083553,26.565573918482908,488.8691946497764,0.0
30.392112194600912,48.90179834348757,36.70681263520952,495.46449072500695,0.0
46.03109895427838,88.05351587347275,33.1792267441577,651.645624245073,0.0
43.91028406384241,47.43313638765565,33.56766302999952,948.7682539702369,0.0
56.951005883132986,60.73120618635119,25.637333361201883,316.62344064925446,0.0
58.10561905205863,44.26748340393219,23.648374813674074,209.35123867082623,0.0
22.718240586322672,89.84371259229736,24.27596907461507,277.7234408739436,0.0
42.47675687758827,65.10975051656213,39.69123909340145,898.2324101883426,1.0
57.55159494285418,69.76925086600218,16.002729785312063,681.2297313896854,0.0
50.18817551480527,43.353823869421376,36.675787403061214,357.31611031524415,0.0
71.38939047129934,77.49802351995889,29.46688521430984,834.3522450717555,0.0
59.5216178971367,50.49527965477929,25.96538547973976,875.2329967270924,0.0
29.77606562488578,84.90271447203568,33.13144151037841,861.8629048212503,1.0
24.2341248440258,50.25698202410036,27.16672353561757,927.033880275599,1.0
58.54515669237894,49.53438603318333,36.83558095204151,327.01691815602544,0.0
21.59067863249731,41.82748339240474,37.51754660028146,779.5377358716505,1.0
55.1465348764078,63.60334725549996,25.543023171836385,514.485547546726,0.0
76.41381448549745,68.24205666313082,21.920694930876287,857.7986976010554,0.0
54.52845067255274,43.285431971417616,29.808758214834057,755.6416094454519,0.0
43.29019557239131,78.77638083475053,37.80908364041727,798.8027018497522,0.0
58.59729310654119,62.664441737401376,20.266554725141663,690.5456539129643,0.0
47.495173429491,66.219513466379,30.57416458908707,259.6858925227362,0.0
52.7370073589561,62.03813734691141,30.78900550231301,590.5242270072445,0.0
76.48788852659152,60.0381530437663,33.327825560382024,986.2027655720574,0.0
43.16615826804646,67.9820165654109,18.289192128181494,943.649259847407,0.0
77.67143382943485,47.76201229653562,32.895624117052215,138.8563622173105,0.0
74.32103851736383,49.09640652476355,37.72581301664103,248.3333341564934,0.0
31.747468087357788,83.08928105067587,19.492077721756047,218.55589610910573,0.0
24.161678052509927,87.30577310668164,20.93858312309694,753.381918986766,0.0
26.0466800826456,58.66546581398765,39.28487735104099,836.0067968712506,1.0
21.093309539092985,53.53723365717769,19.524423817737244,292.16022967960475,1.0
25.6665776453557,72.19997716195078,36.35962733423948,555.2674236566461,1.0
60.98040640498141,60.43670855490482,27.30694641120087,856.63272521008,0.0
24.27131890761374,41.26931778301724,21.180776860079423,759.5213902896255,1.0
39.13853781762568,47.80762986830952,36.76874753181279,588.0134849426635,0.0
70.69251865816727,75.79861144236988,26.13263137506664,631.3129214128955,0.0
21.39631614414955,72.94619709550757,27.870433848242257,557.524492224652,1.0
68.86810895533614,41.354799625174174,23.98083423499414,367.7936061869385,0.0
36.911286486404,51.098608096647474,29.823771285873185,608.5197935731145,0.0
27.089889657299373,51.55373982940357,19.08809681462557,719.9967718450816,1.0
61.80422992184904,73.59463717993643,24.77703841629402,885.9906242747269,0.0
57.73657080679304,40.98552688771821,39.23530805838219,672.6622185813233,0.0
72.64832081162318,45.205429099228695,21.45333581752819,785.0093833388422,0.0
64.10426262823314,79.99580426865947,31.418416613532305,244.0644714591157,0.0
68.20885582309091,48.92723310271669,23.12975160561737,515.4017269778109,0.0
36.9220743542784,72.63730539259373,34.33682814216502,108.39845784438396,0.0
30.646372626783368,51.90913905233633,18.271841517958745,322.01097806946075,0.0
65.0368850984515,44.97206963796726,39.24552612696362,753.8155436017043,0.0
68.41008435603584,52.1586095499727,26.34473853459098,992.6289562144271,0.0
79.4303085200404,76.11334659278296,20.9012615836616,189.26028962849432,0.0
44.75706061468559,82.78482340531428,16.837418683250316,461.3448842751594,0.0
42.32108514756699,81.51099322834958,19.24394762718852,820.0638718292436,0.0
66.58477764451982,59.85917648092274,27.994348713900443,283.6320711660089,0.0
40.44821241518108,73.40425682853231,23.42507941078216,599.5764543720577,0.0
75.84543953621389,50.24921477079105,35.72208414706523,759.7641664267073,0.0
71.5047651105807,54.65738651305067,25.772188091545143,654.3869052341611,0.0
45.7396416425011,84.81679092605599,21.217856814690748,269.2222611538745,0.0
65.05226406748984,40.6500961755368,30.42862466510075,419.8461118171655,0.0
65.27257244508094,44.2754265427234,32.669430422136145,805.4126060368575,0.0
26.187432130155955,50.39431275730136,19.176047697523742,598.803862718815,1.0
74.15317440077399,41.32661019369099,19.190480407207943,104.70665218862146,0.0
50.31514234687143,49.071771754489866,15.916785673338577,784.8916840252845,0.0
69.5874479664645,69.15207804848461,33.41005037664101,131.78021944621517,0.0
39.20297606183671,61.0712275296249,31.595113190545128,771.1604044581089,0.0
73.73139370977202,84.63358555384875,26.865771893745347,282.2325041487137,0.0
43.35210072404979,80.87217808692205,36.10426122422993,962.2661321074422,0.0
20.6502590888179,57.0908675848938,35.14175382375133,431.146676171876,1.0
74.32291858515582,52.97117167156463,29.6338591099188,394.2384547042712,0.0
25.47720060716801,58.98462040836334,36.70678201283147,233.9992452992002,1.0
39.15881825542489,69.51474712574039,20.146030250919207,375.04379394119337,0.0
77.0037180230483,53.403182041143815,17.7979904849432,888.9856856453805,0.0
77.03642881625336,71.2074453924567,21.74374028792474,996.7009038645226,0.0
54.40627328739717,60.47058260956202,16.427171402232872,431.4785774561635,0.0
57.91023273018796,67.602359042599,28.2792382000258,503.7495678590883,0.0
46.90673131869919,61.80632645676583,38.41514230737404,749.8638443824633,0.0
37.59264630188388,54.723287977095886,15.98358851671274,897.576202418567,0.0
39.71987272219496,87.42266534810784,18.052747850250668,633.7399007681057,0.0
60.35110736462231,78.18028970798804,26.30497570708588,452.3731283600464,0.0
65.1424717662608,47.00565878832263,38.34687543819762,471.3596567637614,0.0
67.4947426235509,83.42339879489563,22.90390262441876,726.0563318471262,0.0
67.37708856767324,64.37155991247567,27.68087021720981,102.8964372438508,0.0
25.472366182921423,84.72761134470457,16.0393214762598,657.6304037138566,0.0
49.66521828215489,79.99276279736577,18.70858002405222,419.94370939722165,0.0
23.453525600998656,61.26067522346168,39.665753073971175,814.7775981493759,1.0
52.97173293942413,41.12346541600587,39.127967410901135,183.69157584081893,0.0
46.49183008240262,53.4338679692473,15.12349952336024,629.3820402535515,0.0
73.26225096549798,67.08171073304334,38.79529463558097,532.8756008975114,0.0
41.05490075312472,71.67391099130737,30.97799844538751,678.0929733147046,0.0
27.02402098565635,52.89438427166012,36.69795736300056,158.3682350346715,0.0
28.57950092317015,46.96780370364121,26.36849639084648,621.9854086853181,1.0
65.69063790304833,81.74651183996495,27.889900714481257,605.3361291635713,0.0
57.09308379897566,89.22010903517761,27.221164506423005,604.5940849745539,0.0
26.067360567367416,66.28450911513428,31.67160643865261,643.1388999368094,1.0
25.046408366899847,48.583964292415175,18.49128136890782,708.821143503726,1.0
62.0581478875472,53.61536632596845,15.749339746816949,824.4900997126928,0.0
24.36578038185161,40.919533827373336,22.69824853977977,342.8386481153929,1.0
69.31160355742136,85.71494032802495,32.61701906841617,842.5444691620559,0.0
62.374533629389774,45.88755414450706,20.04633630307371,548.4301140371083,0.0
24.880926838513982,68.82582377571268,31.83581083312293,169.35245122089805,0.0
25.09026284511152,53.7027610343603,39.24780115268176,152.69583631958128,0.0
79.19837471007052,67.70890012578967,17.34751789473546,400.8144868264547,0.0
42.45624774536722,72.57101941759322,31.81505295562816,806.4072794003208,0.0
42.23852882401346,81.48709018536007,26.09375548261428,736.9128412668242,0.0
68.76797403545015,50.32106358803016,36.703556359437634,809.7534682051657,0.0
76.83491464303152,40.549791432924025,19.428744736184647,565.5421507974484,0.0
79.16006382937226,46.84428150344037,32.315648805654114,496.1790981599415,0.0
65.2026911155365,85.00093209240526,35.95288224120276,232.7072740356556,0.0
42.57557513185495,83.69450387812577,38.61535548685058,395.3734782483804,0.0
25.010043001920124,69.87065510851542,32.081200707241145,490.61742955648776,1.0
66.6288149556462,70.02584302168268,27.42936910021068,179.7403867116555,0.0
53.504254984148304,73.25183372731277,30.446181005030347,298.55075744009014,0.0
45.453320554818575,48.76856393117248,36.72262461196796,638.402764657365,0.0
74.38126310568416,85.72059729624799,29.265243665970743,762.0968028152708,0.0
26.67184893836908,60.93852624460365,15.75967649242092,998.5127602536546,1.0
49.55750625745155,59.15692641247488,38.273717387674445,939.801998209202,1.0
20.681218686045145,65.94588526414188,32.23816877578903,678.3086795816724,1.0
48.11963851964758,42.34829833875276,31.912834644431165,479.1232479646648,0.0
23.37819654091024,48.31416843780397,20.39187880994293,672.5596282374095,1.0
27.129074976084315,76.90168082131852,31.47213675581643,807.0864562722088,1.0
27.05157480662629,44.139933396256325,24.846610141353963,206.50257183104856,1.0
58.95261812696381,70.1576054733194,31.280824426037302,468.9144007266594,0.0
64.7626927559254,52.26745548406605,17.664825757699766,855.8220570720555,0.0
55.00212590582958,59.46478070209883,31.4461326150759,445.4496567397396,0.0
77.73035290847253,54.434686838534994,39.985343144266665,614.6850441044679,0.0
42.49223477142225,57.78363582324746,16.2053009715139,628.9924247759784,0.0
37.14272517691164,75.95229525921228,39.429354605532936,266.02862782027546,0.0
72.11594769136761,54.856085781158754,25.172699018071768,426.0118974870596,0.0
33.41575031116716,68.32023201484486,36.76883625843148,401.06015986773895,0.0
77.79335236643668,63.80252010995498,34.55963710145684,123.57703767885832,0.0
20.72926848138898,73.1835582681324,29.17540652466669,121.77258750221972,0.0
78.19272960245834,86.84148696623791,33.46123023128317,848.5273393081961,0.0
22.589594717034565,76.62860486051252,36.962889032533695,345.7637289755312,1.0
73.46858682188426,50.74701892953784,25.103508041275823,566.2708896149338,0.0
51.66206654517799,41.55915675306424,23.175829039080966,368.8530162298957,0.0
79.57788776715802,53.11320221499125,31.68983463908961,946.6113206038063,0.0
24.427793884123933,69.75389653501274,35.19614854853147,333.3670829791964,1.0
53.23125706407925,42.57129067421252,34.057128369415395,486.6911314650416,0.0
78.15815213714595,64.81831236006181,34.94534122146587,885.4572254361417,0.0
51.38587065020893,69.84214244584446,25.889582870323324,857.7402101126278,0.0
57.76391828811576,56.712194540848046,35.445855404375536,267.4912760616496,0.0
61.74492133907703,78.54561018729109,18.00522638426521,822.3789788161394,0.0
47.27246388606639,45.32991265668859,28.61222744902124,512.3681980641034,0.0
57.6534848050438,43.75688908679044,15.14396651245304,534.6719848768197,0.0
55.058858715386016,76.40943781018017,23.11464574750676,220.1319751743494,0.0
74.06948062945935,64.77456581030992,24.161538371784943,172.54136238141217,0.0
22.726782820487472,74.4201198213868,24.904317290231383,755.1453762763887,1.0
36.85779137553382,61.74136693018731,32.38668016724655,546.8150371197698,0.0
77.02468904459352,52.32010166195534,24.713952531758643,493.1656323536616,0.0
73.41582703345497,80.95511588371,26.217340565563266,756.5574057871571,0.0
47.33940516714277,79.97079394844897,20.938603271858184,788.9616090919988,0.0
57.207955868092206,74.73482354272133,24.3312947907335,243.0173509024182,0.0
36.64287097886796,53.607256861498136,20.681740681578788,649.2026345298772,0.0
31.28726958342568,69.51153334345435,16.829898094211092,221.81867404991692,0.0
47.82190429639893,58.04869484700134,30.086214834534445,776.2375774261411,0.0
41.20113368156317,44.5791036663317,31.705319963875407,691.2596406404256,0.0
55.01936671105233,85.86567877311214,30.487258650240364,960.9531589751122,0.0
24.66407821789909,46.84093154594807,26.58735109501431,162.06221472077905,0.0
78.46368845996999,87.51186769104012,24.494644504480743,151.3492490361289,0.0
79.17264466877617,62.30028864789779,36.58334123929564,353.96836722388014,0.0
34.1305895619754,79.84836044780486,10.759156481846556,622.0308237847205,0.0
57.87604341567466,45.89382313510514,34.89089983303317,997.3812333558682,0.0
38.66939798667223,78.36648193991793,23.800873447139868,151.78126529246168,0.0
51.506862638153386,37.10835834328478,31.03522509804508,539.5813087948604,0.0
58.38818885504216,70.97744071449708,20.70601529484857,406.7231371422977,0.0
28.64582318949885,67.28516723908274,14.484874439227486,465.56853671010674,0.0
63.76355753438966,28.929420048834643,14.391836323971088,830.7880529006156,0.0
13.049310656265597,58.877516855424176,20.13156212627289,761.580343488188,1.0
58.21025278311937,47.34595157956436,13.9683175379626,207.69681224124665,0.0
23.67279440417213,88.87460258578274,25.042250721557515,186.27406137106124,0.0
17.21082859937988,27.907603149867704,32.61296828393623,277.9593774255849,1.0
50.95780500248573,26.00397660103751,26.808145604699742,792.4203433169479,0.0
61.4909479623217,49.28216432263871,25.42844701882281,278.1647411013041,0.0
40.47340088025014,59.21658824937942,12.126892039587483,918.9680065207524,0.0
77.93697807858395,58.16616340326,18.31405968936564,73.58675953059647,0.0
31.779229954477696,24.39124354463846,11.001210485701744,87.08268443636192,0.0
69.08863376316424,51.69760841632987,21.23599334009019,616.6155275621835,0.0
36.34585425117851,63.1160737328318,13.260778039072672,51.296319538449445,0.0
43.50451623250043,65.42780830894819,17.052936711937207,158.61473089980814,0.0
38.24040243267287,63.223765478803536,32.27310615831777,414.028715652484,0.0
70.07811995887766,54.70631495918058,14.775040182205096,481.7679917195466,0.0
52.53202570926367,85.6447976701429,35.606221810314096,603.0243180125077,0.0
15.835529543447876,47.965415171273634,16.287215314568243,101.24122320330008,0.0
22.607086681215872,38.98534017817454,30.930515821329184,265.5533292157347,1.0
79.3726718232265,52.905160478466925,19.77101531002523,457.19550947729886,0.0
48.14138823246232,66.20046421156458,21.42981857978201,259.6575140152273,0.0
45.37665130885985,45.99163328667288,20.64694843298343,340.6623801103838,0.0
23.303680946193893,84.98552348147585,32.648706710112364,478.8644950351806,0.0
43.32710725547417,26.98211385080673,12.255895638679664,267.2642062874994,0.0
56.35084770456307,33.93557903998397,22.44126894740597,208.17226018220137,0.0
22.965902127669057,80.39798619961084,36.52504846117499,328.6278412070766,1.0
54.683855222528656,27.179202089353133,36.52974911493455,909.9193021037428,1.0
58.32088378949126,55.300231282946825,35.010638350298095,928.6128266688828,1.0
77.59012358549401,60.485257061736384,31.53971759675704,725.4795432196602,0.0
57.05238017334989,68.7835765079067,23.79240911740311,522.368405196088,0.0
28.002956824188026,79.6713165689801,30.351720994550178,78.88935572480408,0.0
78.26805825362145,68.03407013875588,37.24212815927267,229.2576534094435,0.0
11.291380419953173,64.30152088408815,35.16857916109275,824.4863316509584,1.0
60.35481735367206,81.24251704150969,35.11437270364708,222.2486582894487,0.0
19.798548376708247,40.53037180903283,21.915781778084057,811.3646294551343,1.0
53.478089310294834,54.5749398759489,36.20568364396267,231.15283562500764,0.0
68.6233238600515,83.03547560717888,29.206575176399276,736.0587586904077,0.0
79.79117977511848,80.70093096611826,28.044272705102184,863.9678865949556,0.0
44.00727590221887,76.22642857897233,39.09620139759758,712.7242459694329,0.0
64.07642038979071,44.2380181432648,37.1605541094759,827.8175936215453,0.0
57.97781787904098,56.074285836259904,14.800251121805182,722.4265517814952,0.0
32.35351541327395,47.04199966349223,12.668496037368334,70.58119286190271,0.0
57.509211284645424,42.65954315692724,21.05543072820725,548.9466446124338,0.0
11.80982965802229,64.68084450169016,33.55966782927389,949.7954626814892,1.0
64.92949132329387,56.70720424507135,12.490058815528164,500.5854536630065,0.0
62.738633546739294,71.86100346237959,38.96436186288699,167.27809092810543,0.0
31.22190013953952,28.961781897008727,34.5165235609971,624.8164226914624,0.0
37.16656245118803,64.42731417012871,31.515125334900503,704.1755990433799,0.0
62.05317388862135,27.696437130651265,26.25435758939801,248.8101276505668,0.0
24.9504106927846,38.5515676111245,27.593109427474587,204.9468886821052,1.0
67.30147399678883,59.34607270082563,38.8630698905386,202.7370913207286,0.0
36.12892706380356,68.88083596111322,29.869411400079585,125.42827061159105,0.0
56.75241363555142,87.35225612037483,10.070912443690611,917.058542019052,0.0
19.22865384753804,35.162498465147124,14.414206159750336,664.642079142071,0.0
21.807154490953536,67.06266877951742,39.22742271361616,222.09571756118024,1.0
28.21391134689239,66.48297717143988,17.468696672600057,478.4535447033484,1.0
14.119385791962149,81.47383796373067,35.30489191207521,818.3870276694921,1.0
27.712333453115047,60.10711729152301,32.35519232801368,83.88448069219561,0.0
37.38460671086901,62.03446428389661,31.470881394138843,114.33764836448542,0.0
69.6244587728173,53.49970948002601,20.862607002416155,152.44723397041793,0.0
77.89576224405563,86.98949940740741,31.659387385617816,413.9031311958533,0.0
74.33942074848302,43.40615219189402,23.36253875139202,812.8493891093487,0.0
71.66141705404186,20.00674591970419,32.21137496436903,686.1078372902422,0.0
43.60265394493979,38.2023394834678,15.666181352800963,301.06328517370275,0.0
68.85370871821819,32.58562410883166,33.69540376733025,291.16042304384234,0.0
32.75748615517124,56.77972480343962,34.44437597174869,217.2628220381345,0.0
63.92367978212718,63.0527755993246,34.98013151166689,289.3075181450135,0.0
50.67172396196117,65.1129100956131,25.817166557796032,323.0945029661156,0.0
77.19829335376843,76.57995948575059,22.341750453995417,365.3305267374731,0.0
48.67704073991603,81.96245061815277,16.031078275525896,762.6566085254234,0.0
67.32285458916553,25.22950006569692,39.568573393314594,178.23582120361516,0.0
50.10176362019944,75.95563327955176,31.52759696516112,538.6981403361824,0.0
50.14885447921261,73.92035660778181,18.05240315132965,809.3064507285496,0.0
35.22330106375401,29.58597295843376,28.714615703471413,466.6647546707673,0.0
62.08202421132336,71.07968003836245,19.800116801947745,601.4877991275652,0.0
40.230223281878,71.69789959773743,30.077075059488003,498.6833888689812,0.0
33.33691351050397,83.82246564478737,21.593627950560645,886.4127664353016,0.0
25.86784839850644,23.090879480000204,29.45616402044667,955.5317793630132,1.0
47.87760873486468,55.28225669509003,28.968981334866704,767.3477504926758,0.0
23.656912056446917,37.43252931778349,33.15574999209794,74.63868291850238,0.0
71.41026694293666,71.36093152645057,10.924678983066723,706.5177987595459,0.0
37.45881281225267,89.86696437357273,29.227513660122565,954.8341626163856,0.0
49.70197674509945,35.25181974853574,14.408024867482965,928.466218648781,0.0
66.54451583936773,59.42087451344062,29.43295515270757,711.6397011640332,0.0
45.596095473086365,50.21250830079629,20.815037335261792,914.6155169637702,0.0
64.1723205052453,51.28953030442601,16.19031403408184,972.7212881417264,0.0
71.93020070216986,63.31222832558369,39.61250647829441,508.758055325439,0.0
69.58904433581164,28.997265936847484,10.531796930041452,646.7845617906835,0.0
54.54022819372665,34.09239235755129,12.42086631053022,427.4895298682502,0.0
69.53308567759443,31.23864314616321,21.48858372322881,202.6772725385052,0.0
37.62566587997329,33.202901405287534,36.204360996544665,237.56651498536576,1.0
36.59074958411112,70.13396485174268,12.93132220038477,526.9752352498358,0.0
18.1663359953236,42.49417584602875,25.509104779916235,366.5902734425688,1.0
68.76763503706327,49.51613224704943,31.83085231878137,161.37186252123124,0.0
77.88121104218934,58.62846038562118,10.356329556441,835.9823262802607,0.0
23.153375310067744,81.22910985230126,10.799422285116067,528.1551706558247,0.0
14.83703864653718,67.78061565575229,33.22207803889385,56.43712376175519,0.0
58.09585138589632,85.40611716477922,33.60213916642459,101.26702991335466,0.0
45.8778797176922,54.69619810948796,30.457437133568096,899.4565280781069,0.0
49.38649212125867,89.84093406195402,22.70103820795983,432.8633300231691,0.0
73.41640914787962,56.51452093790728,32.76643050645531,865.5951443150868,0.0
23.04883743829105,22.967699536672757,33.7971643675308,765.4518068079939,1.0
35.331188377056016,73.29652084440686,18.33985539755925,192.2477582477834,0.0
23.291151505359977,75.83519713039561,30.748605006600258,936.705670919963,1.0
72.56086757294628,31.08315510600059,13.749935818586492,131.67732761187182,0.0
10.315128754982585,26.89417296654169,38.10496051443231,85.80060035042693,0.0
73.01107593412497,75.03516526879443,37.92120511308845,713.2851053405725,0.0
74.25309580593407,33.90068529190469,24.66515631604936,977.6127848714166,0.0
67.00516139822173,65.21606970780314,10.914876743261969,667.0838583774356,0.0
60.95528593972449,59.466925074612114,10.200648338271844,414.746468464218,0.0
21.929584738776526,26.907601952559,28.839557410674576,308.9747301849709,1.0
17.299699174869147,81.88838057443044,31.50713600537309,782.6298881334395,0.0
43.05268578901117,73.77261931040417,14.59297050056202,686.153182949983,0.0
61.0698280082901,40.16330655426752,35.80379114139663,991.6709804815578,0.0
37.4837590406992,23.44671864281019,12.242402438624683,118.28254982177477,0.0
76.53367420456081,88.61497172664599,12.532464586175788,826.4510232727603,0.0
27.63455630421441,41.27479028010847,21.34342204492225,340.9909341239175,1.0
31.125728384679185,52.4485519211044,16.708729156411415,477.4900067025125,0.0
23.001196698984916,48.55357648732051,39.70760698580685,909.6182856958624,1.0
74.86584284742038,81.31981110900513,35.10070158705064,409.9029042177818,0.0
77.54287313981229,20.847477919531933,27.08903789431919,329.2758837415564,0.0
69.53211992949517,79.83979354613862,15.334594588697364,983.6013143985632,0.0
68.1447004790318,80.4781529016984,13.432566240872411,555.4388878655693,0.0
59.94933457024205,29.703064542591747,24.44218042501646,624.3339116916294,0.0
18.964719641379453,56.49174954142338,30.535191392159,802.2398961117638,1.0
73.36970033555701,43.656009975097504,39.2824189560111,859.3943458061625,0.0
27.734197058676493,33.542854102334374,21.01714641261063,388.3240808040556,1.0
62.600513495118896,24.906101787770574,16.66684734178761,395.2947720554856,0.0
15.74044578091891,66.5559583837533,13.137337444345674,991.4506551666776,1.0
64.2635673916902,23.75008547168975,36.08773958507453,608.6157299137317,0.0
75.32203083671813,31.21331283624586,39.12563256972811,165.68312529155006,0.0
20.94095946208467,49.33559281237088,10.006204638234689,736.6208063310031,0.0
71.33054212349734,38.55384432764885,25.49948019867407,400.2712022742194,0.0
49.67475745094337,59.36794745833868,11.532637969522124,537.3837280442285,0.0
46.91315614170693,87.71889562030165,22.52875213194337,321.7094886461211,0.0
48.90997232912156,69.24280650173338,12.270677444476885,958.0555381463016,0.0
65.0985296558552,68.56196689935457,12.379240580508617,64.4738224396164,0.0
10.040432497684977,34.980397307594416,23.03666586535936,217.4367540698667,1.0
66.95756311024537,75.01262558373617,21.720946289027967,164.11013755529245,0.0
57.91045176148789,48.761073053206935,39.5901003016633,257.22764003236495,0.0
38.34313950790622,68.05235381589324,20.199342699417297,826.5023276045335,0.0
49.80757026710082,59.082710435168,38.4849483384133,267.4591741810666,0.0
47.66505986708983,52.33505667152098,32.04049707116629,837.7347427877246,0.0
49.676475032559054,66.48655102883194,15.264280579046936,342.0348313966028,0.0
12.896206660949684,57.56884832312992,14.450970065506626,900.7211438283554,1.0
68.40352247382509,52.58340382516844,10.693786637568335,551.7889235815768,0.0
51.84729456204655,30.142687597491225,38.410095159226486,220.79405092391627,1.0
30.49118733099799,50.76540298149074,38.43692095244273,913.6887723437454,1.0
17.41818727159572,58.26090191313868,17.552683197478487,681.5917854252106,1.0
11.454782618008508,59.007191248896994,34.28601329468859,331.85416477281683,1.0
69.1021798575888,87.55749314260224,36.190571773116034,671.7145862050602,0.0
74.78988901702974,34.4600624886223,37.26545193516283,882.0120226868798,0.0
72.43735184354742,58.66054477230828,16.790132825977544,314.65036133587057,0.0
33.706756997178985,47.2915604593436,32.78817863081699,893.1013224548709,0.0
71.08061280031019,30.21542573138801,16.69237641071975,581.754984460145,0.0
28.075187587395945,34.73581559264399,30.931715904690684,301.73840733165457,1.0
60.4422080251876,59.73655800625638,26.91246712001121,384.8306632558304,0.0
54.34560846172244,71.9023303933991,21.21866025016815,964.8550774917652,0.0
12.205692844003185,43.91173103608232,36.40045747166764,191.73227081877252,0.0
46.77452238668406,60.05442128419714,31.4990682142147,366.4599076502798,0.0
76.10264041677075,78.06387861064297,38.52784935646217,53.48537169930531,0.0
40.45638585724018,55.643291110403375,12.271052222416191,126.4477884008895,0.0
42.39809318309965,80.92383900639128,27.713700164536498,796.1657850472243,0.0
30.263881956761555,28.900932598889877,11.559820542162202,675.0763881945091,0.0
73.08336019397902,65.57095462903598,25.89674209521189,167.83296025752958,0.0
77.88492916246874,40.13535694243038,33.03192155984426,66.98454254259204,0.0
64.18249150871591,83.66467636846684,24.263438704247815,875.3235266569626,0.0
74.68127758373743,46.44256055467423,12.510217508162803,749.8838163997846,0.0
23.118690028192525,40.25788963254991,21.118176329287277,967.2376896060111,1.0
67.93349699858508,45.44842799016362,37.994575755879495,629.2143793527312,0.0
72.12082047798154,21.26161416006929,29.835512988244943,469.251480613314,0.0
19.35602974452401,32.79275600443324,39.81784276855903,943.4862838970754,1.0
55.02858832304598,39.2558715770007,33.453041461324474,634.6374130424805,0.0
77.62828192301973,27.77947603596881,37.33306624425256,65.57929182231966,0.0
75.32243913932967,49.08168697748863,16.894825163711946,626.0446081765024,0.0
30.37785235301445,72.85683207124183,21.801977420616087,116.13427365741238,0.0
76.6427588171863,77.41674953145886,12.918696452343458,579.8599150326719,0.0
13.777778531444042,70.54927945305892,38.823686401475,598.5918043270772,1.0
34.86609997224777,38.02112825542339,19.748379187418514,69.07462968895223,0.0
21.31491715965118,27.96267338063347,37.67577770931928,68.85239417907869,0.0
46.08898556941181,37.92902661123803,10.545514880431288,942.4819750394348,0.0
58.54278102527711,35.96433935120396,35.64320278670668,333.57587403437225,1.0
57.73113016194425,41.60436141009775,21.576322886473708,606.0748486494673,0.0
61.08095585597541,21.81636723317291,33.88598721372651,261.0324568274412,0.0
75.17670363923243,39.47988727147352,20.79257122129269,178.1714172630161,0.0
33.4188005177545,63.83622252717967,29.294333086056863,912.5720335230368,0.0
50.086980820494325,48.20614039948976,37.31756425597675,405.2722614620151,0.0
56.548715902430224,56.66415499120836,15.154696706006847,57.7442810432262,0.0
30.67570084162894,36.445181093017545,34.957417759189084,931.1475900504432,1.0
19.365746711116955,22.755065182422047,25.811714890650016,875.506386096881,1.0
52.909591659577686,61.35336556032516,34.047003073053304,641.7532483036518,0.0
64.10454601041273,35.73293798536701,12.897425309066312,836.7463547096945,0.0
69.01980586230441,73.54505295729818,18.333417975766388,522.0524667928922,0.0
49.02875708690056,20.15681869662525,13.466830415657745,403.8272646068058,0.0
28.48704237597176,65.55692518272953,25.216797453538987,513.9478162493444,1.0
70.30018164189504,24.973821765013252,26.43463016031364,485.8160712760579,0.0
15.362779891244813,38.0818190798072,17.8820630673544,326.45326380501484,1.0
39.37012510152547,51.25846282184823,14.95400446619506,564.1080641708311,0.0
62.82787586192733,75.1802549955002,32.80845018777717,269.0178450107545,0.0
22.73265397531945,27.574367455879536,39.9896059187827,809.3409246648466,1.0
36.32934646017877,47.87513496734606,11.05104366740793,492.409333988351,0.0
71.94167578244358,72.9898399097428,32.247858058272286,397.1921372542433,0.0
18.650336324783986,48.332850198536704,26.918817453400152,742.2212952956608,1.0
42.0350704164325,32.20645230883303,10.43970951818528,298.0351855508835,0.0
21.36032536074163,20.414903910983057,19.95404343664446,778.5803265270179,1.0
60.93431832677173,56.332479097470674,13.45592934950604,923.9250093626312,0.0
73.33890997416447,51.670766235743386,15.12075866049775,436.98577607248734,0.0
51.93934196643095,25.113028925039348,23.169761723997844,271.8078059225013,0.0
71.64437887575343,64.41989840664809,10.125899964726388,853.5959288181141,0.0
68.89745924859284,56.85313197666904,38.98225634602171,360.3130429068893,0.0
40.58333057575405,33.15031797393461,22.541006909347665,266.0800194379916,0.0
28.903136822216428,23.335811882433266,34.351626766371936,561.9623905595565,1.0
21.09543536225529,57.85567461162073,22.138154269734613,761.4613382616852,1.0
50.34184117631209,23.24441826098427,22.88864565705989,916.5487573472776,1.0
58.03879381967728,29.900602764644848,24.949524680728693,156.26222062464367,0.0
40.56731321379436,64.11448113874206,17.954880238256486,244.88927795806865,0.0
27.94674410731024,24.4192545122555,35.89555778880356,457.1994992084374,1.0
76.53097323278185,71.00786771450427,39.00778067128319,703.4799309659028,0.0
66.96632743009116,67.88348101503159,10.164175781425918,522.6584786335223,0.0
25.02641129692424,61.950246595252906,31.91561010175887,96.83537571775813,0.0
17.385262928098896,89.4211923533394,30.545311672263143,776.6782093907489,0.0
75.33075372965178,25.384187684653288,36.94985401540696,624.6714398526215,0.0
44.521715034851134,33.26990442305268,19.993313323996063,161.14649018147253,0.0
50.81542728274662,22.635900797718797,39.335973624385815,771.7347488405256,1.0
72.67833904784439,65.53799240734895,17.07266922187102,385.5573314842596,0.0
14.073811210298452,21.998845851163825,17.319479535942154,719.9698839913347,1.0
34.46492666098142,40.47080149701054,38.54173669448251,152.65780807187394,0.0
51.71926197237001,53.4186742106309,29.373096068772348,879.2910187307657,0.0
46.01301985100616,65.25935999267817,20.14540120137921,402.2948332011795,0.0
10.639200198567757,80.8929845861548,25.14579978787517,144.49490052458384,0.0
46.69972105579312,64.90178471587976,33.411797815749914,441.64790436492586,0.0
56.67721215836009,51.13451805600529,21.313081396410627,602.4507202657063,0.0
46.00518339160051,49.36005904637098,11.188567164170038,873.1024014179867,0.0
15.5083522234523,22.062741393289144,25.62276118091027,948.970083891123,1.0
79.0925189235226,68.01147841199642,16.325028841661968,773.9898417992549,0.0
49.06867316134609,82.11927063155915,10.240361647373309,473.605507464641,0.0
41.24536138984644,86.12123346090851,15.567921924580114,980.109717776931,0.0
59.64474842963698,37.63551833923813,15.66418557812771,449.1954865726673,0.0
23.34453716550682,26.564988387059906,30.729832408785704,202.87636859198724,1.0
77.41881284227514,24.0420369961684,23.34501094441042,843.2178993065017,0.0
63.705492229687664,69.70547006979672,32.722732960142906,386.2643906563991,0.0
16.548483398640034,21.319292232079967,38.22612426979895,880.2190759264057,1.0
13.04604445147562,27.071023078946823,21.759346338543367,666.2525259103123,1.0
51.6575021832561,34.46822534612145,39.14099052520277,932.2713260958828,1.0
40.47956361266053,51.83645528108261,26.185714973092097,838.1790864955319,0.0
68.8456149997369,87.53972488058746,12.283696865001826,354.0428261148497,0.0
65.4438612396062,45.035494488186345,14.781268710241564,481.67766344882176,0.0
37.03003268436132,24.108326848671425,38.31659615682468,557.6093445315391,1.0
44.4895601004629,49.70152868516982,11.9938408110267,843.5115968418703,0.0
63.45698059537296,25.07690600782214,38.05385170518756,93.15175062266287,0.0
55.35982485347679,58.8387678934292,16.242773122955896,253.2240278505455,0.0
67.37426257006715,76.77979985920523,26.020568173441387,951.9177300172472,0.0
28.669583496811587,37.432144765067726,26.30953896581646,556.4617076533011,1.0
53.585254087734135,47.62957693648268,31.6414028760549,533.4492971143413,0.0
79.06274788070435,79.93951972751321,25.93632180086819,778.5359240136286,0.0
73.62571726141952,39.4995159864655,29.605116267927524,354.4165054470941,0.0
57.27400949311393,72.00694507714798,26.14283255046485,641.6417629847766,0.0
12.027617810653798,58.98246454636275,11.63440515006308,561.6720063504177,0.0
78.0767305326824,82.4753520475114,13.668218487735526,894.2613177821213,0.0
48.24764857273712,28.607413325996685,31.133268841625,52.2786799287819,0.0
61.06147554629553,83.2343203941644,15.706651104334576,932.663037262078,0.0
65.33829157458305,69.01570434335525,11.211093945419,602.5860626474023,0.0
40.90638948759105,25.697713590774867,29.9264543020326,956.4465341284416,1.0
40.951499144668574,57.17645982269731,13.830907658982994,177.7183272206124,0.0
27.91549786272953,63.49881627802024,28.338361074186597,682.3901327964007,1.0
44.12661412048409,40.478106715621465,13.657511483137348,386.6852589484526,0.0
19.38847722284665,61.80379527601393,29.128655382302583,813.0488369701952,1.0
65.13791766075872,44.11886966165744,23.53849393332914,643.2406352205484,0.0
72.19295597487623,58.72486642932018,11.071451580858923,896.1093753394626,0.0
10.376215755321072,83.18436179773697,26.0165639869034,498.4468447911988,0.0
75.4901896217131,26.373515316315267,38.68264101057379,529.7277199280804,0.0
78.10444769471924,48.44061211154022,24.15233126997812,326.0856373656884,0.0
50.763350573685685,64.59383008591254,27.505410590490065,573.4807355908605,0.0
77.39823484190761,51.653919064044985,24.539161715929296,589.9384965877418,0.0
64.15744962290498,73.05089484245107,39.20406115854728,502.355325166538,0.0
30.450692113128184,77.57412078590792,16.92509288329769,417.47997349593874,0.0
28.66279971679128,82.16470409903967,12.427334940165569,763.8562213897468,0.0
34.82287830144924,87.74035553956115,29.344248219216524,487.5387398629831,0.0
59.98063465117879,45.96391438013899,31.7057328313519,525.4939399186862,0.0
29.77218773706637,86.73517195321605,13.51620900179806,276.43265215031647,0.0
24.351896494811957,38.15444530462756,24.19805793471911,722.1525750456201,1.0
11.471813383146642,22.449725908129523,31.56567785373991,606.6711432784032,1.0
28.421753762953543,30.59949471600657,29.279154898562936,689.5607905654878,1.0
35.663457636825214,76.99418010313383,14.237882342617183,81.43233764361088,0.0
25.923934254804315,40.042435488742186,36.63070290026836,915.2342945415916,1.0
55.50980616530966,36.42066634267504,23.459444942251583,791.5384284663766,0.0
53.26790924667295,84.95704936473633,22.83431325876102,677.8579006428413,0.0
49.15967597514379,37.11397672871947,31.43939935875853,711.0895130681951,0.0
50.12762342398164,30.88343850086329,22.856857433410237,154.75410358332863,0.0
74.43023714391963,32.289203984648815,38.4961771522603,770.8882501174539,0.0
77.75449759333983,56.41091150117264,28.423051930203385,188.84607460746685,0.0
10.905501478624128,36.1878458743991,34.438601600775414,540.6646280847687,1.0
48.99695663009842,65.80431474354181,36.00322559016113,192.73309330736683,0.0
36.1683723234512,29.591150606359665,28.7957560859457,109.31923046116655,0.0
15.97549830830406,36.11653266576518,39.42336980025698,662.5414150652143,1.0
67.32003407891045,87.72091375168051,28.08783491679098,749.7028317976402,0.0
41.19581081354825,44.86740653355071,11.750057970136808,874.4033939405953,0.0
15.49396455628696,47.6388140904745,34.9544631704401,560.7269318100157,1.0
34.546568264319504,28.444414575176,19.61999348155013,136.94438282501977,0.0
61.96290926795957,28.861121968312904,25.938347075986563,253.70229460343973,0.0
11.713881474256564,59.85403624694312,33.10977056727883,780.525915317608,1.0
51.69049259276585,29.179627789255264,31.833801044940444,606.4618943395336,0.0
62.90098075571485,41.37271469378463,23.9499020096774,578.2514539191152,0.0
26.854005802643236,50.38587770993692,17.07155359267463,721.8479972079479,1.0
13.009804535596292,45.68873070816717,13.429574832406855,819.4151935207597,1.0
64.01508113371757,87.42514665759431,27.19460761218597,353.7768722538704,0.0
14.51395199535476,32.87350072986748,11.850063163827569,597.4996696025564,0.0
20.652642756008767,53.85059526197069,38.21802022112591,92.54334341217142,0.0
26.819331716525397,77.92726438034776,16.73150340005911,90.63297698873876,0.0
25.330735913814458,65.05334462777992,12.539976926120984,518.9819525227178,0.0
64.45369997613133,48.08434816649208,20.49552320593184,244.2364080161057,0.0
72.08927101718574,78.04671196510452,12.525279486963855,944.0812143601424,0.0
27.23764945296873,78.78513824611757,26.960168475060357,384.4745677718777,1.0
25.078635005999345,44.05983157390169,25.619968574592317,597.8303290991855,1.0
17.024477226868612,74.7882103518265,30.557197202599447,140.97233115157297,0.0
48.97033541239637,60.60793437803034,13.676357975327626,210.24863373847057,0.0
75.90304537259324,59.87004175407294,30.417167223019483,491.45636681643,0.0
53.66022564494204,76.0881871310624,22.58897368995125,290.3769937250517,0.0
59.43040647613641,35.320008964678976,29.62446618024929,352.00298169948064,0.0
72.66716892842376,56.472049789414655,29.5808546113444,153.12542446057267,0.0
10.54934776810052,41.502296242365816,14.886907094766602,341.59548221938144,0.0
23.85205302136784,63.62448329505384,13.943577116595115,373.8256269411204,0.0
54.8670480539104,29.340565561598726,18.924944090477112,365.5323489036344,0.0
36.29640852674349,33.52734049727243,28.723857486013063,538.3638026393078,0.0
10.293503053588813,85.8233412783239,37.64332953885003,967.3882617377368,1.0
39.05097236104969,42.26932543008215,22.09665544396703,522.193256004678,0.0
29.866914165471773,75.36341891288961,36.86758448178408,968.2203203428996,1.0
77.48557542534151,25.58857668311444,27.510949375664964,554.5521858621682,0.0
25.753824801264717,46.51323453037168,28.187868512403018,825.2382468220441,1.0
48.44602335428555,30.453350328765158,15.558346066441734,836.9258535991808,1.0
32.990861740513296,89.1692530575111,14.875447511276608,79.07610932639045,0.0
14.13251803067139,70.05602008686893,26.509237289685878,209.85721633558,1.0
38.95074652766992,38.63764914763945,37.81445483356501,487.9238660094263,1.0
27.078716148271088,60.09449282560249,37.56330350716681,111.7865645591609,0.0
42.400000658289095,52.8238338960668,18.32859614643723,727.9128213484266,0.0
54.931937217213054,29.75383904473017,38.53658193406397,361.1033213997112,1.0
68.08745910114104,39.68450154898336,32.385132122277284,716.9993696154974,0.0
41.22737864251511,58.33886330244964,36.48263913062671,647.7396801287747,0.0
73.98067620465255,86.11989968967117,33.28930090291101,406.77100732265,0.0
51.53561980598205,75.53818402914801,23.055845807990064,265.3746334858911,0.0
71.2075285968507,88.67003607753638,27.24002318183235,885.4305555528587,0.0
59.77859722958369,43.21604329051957,16.457893778677466,338.78747838924926,0.0
37.17579424216336,33.991748185187404,33.92509211480743,905.1382914282234,1.0
37.49942296312589,87.52270592335489,17.446119458797686,836.3541183522963,0.0
26.16462918676901,57.98860909467248,39.906122842320016,906.8067726617708,1.0
40.876037135107765,40.052938420314575,37.22959831964805,891.111946900136,1.0
78.05296625452947,67.87152856221547,27.04457514981237,522.4543139353533,0.0
66.14406875061195,41.11100136723724,25.53397309125265,350.3284580063563,0.0
59.59402155576549,24.831162577351307,28.358707648798436,102.05398761336136,0.0
50.71021370230429,56.35880211404776,20.278901049747063,255.90107264402988,0.0
19.789396597764977,89.79745388195686,37.33592237052206,51.898420649419954,0.0
73.77412537600114,76.54631052885122,37.30588550094912,179.1056059403325,0.0
35.87328347849922,68.89191085276646,27.89207719605259,853.8342748744034,0.0
70.1415540464103,61.33420640085066,26.727927842651106,881.0090086125092,0.0
77.48118806359732,77.98464226858715,21.36829823176987,895.3303567781678,0.0
70.66124564393392,36.99713645536795,19.93710585273676,507.3007949177953,0.0
58.64498264025083,37.46575667580214,39.90618310857222,858.8411665911801,1.0
37.58179403237008,76.87241643534594,30.048013556207668,828.558640176947,0.0
66.62822731401931,53.95034844907837,21.918988078736525,455.0846272425762,0.0
35.72478070948809,38.32174650820271,21.7747818946453,518.4806802266904,0.0
18.624927657880495,36.966407256009,25.2541114337162,816.7463689295166,1.0
45.13442884445412,80.3774858760152,31.0172291444042,210.6093618931792,0.0
26.94054967032565,40.602852643596194,21.250834584488945,822.9949326041709,1.0
40.3207930990703,77.349714919216,25.696262745173076,223.47340755554097,0.0
79.82687574001437,77.86714465033211,34.744267189253755,798.7819643537941,0.0
62.96291218461925,80.22275760643748,36.57645514534168,500.09649454672245,0.0
12.959529432922134,61.24172097444074,29.3510423930981,948.5625786010856,1.0
22.352969808696667,73.89667320150264,14.376487198888544,741.7150785676341,0.0
34.677067680043706,43.001981684526704,11.856856718692914,462.3101143657677,0.0
62.0337669977764,80.658483415371,14.370261765658514,656.7151745936891,0.0
45.88249061773946,62.02824356954887,27.920447779212555,238.5970381565604,0.0
48.634164178000944,70.37902105208119,25.99402788918672,657.5393903826346,0.0
42.90980763947682,23.71539286747427,12.611796817004793,685.9617148745175,0.0
77.33955951352124,39.55805952174271,19.58684571936293,969.9982955878936,0.0
17.804273584797464,66.30441512183228,16.15358647042672,123.94197669401112,0.0
22.062996522823862,54.21588026549097,16.73473435025714,623.1822242064763,1.0
72.59707084016846,80.97711761466951,13.413887134279436,336.2543430505296,0.0
17.30632770669586,43.54993078658528,30.87790952316764,801.3471220357416,1.0
24.34754163121052,41.50621776229781,36.8626503288628,284.24759076905514,1.0
54.13890296014371,53.5277595945088,17.951138124177202,442.06699176873815,0.0
45.97859246717761,51.34965906721037,21.36545860399535,796.051962659342,0.0
11.747047041414426,40.67548083160712,22.14079074734793,264.0620409348966,1.0
38.49324872343672,65.19948707182846,37.455839684950206,274.4173362583425,0.0
26.48608172839355,46.62772414823883,10.710130367150088,198.5884464961698,0.0
49.29650126423363,49.45953322195881,22.275948741625864,823.8488234069716,0.0
51.083068332334726,76.2206866725815,37.06099020012386,476.4459247066295,0.0
37.37596605146251,65.33713797548688,29.520655290733256,598.2120169971038,0.0
43.38195017039679,41.78088744459564,27.920295372271408,646.9012059837131,0.0
12.159202235051408,49.72875517789375,30.067033096350727,602.2897519716192,1.0
44.434818503269454,22.41606114770517,25.79207841567746,281.0211734768237,0.0
14.798687763998837,75.69856596303865,11.527354949728029,521.0351206960283,0.0
45.74945431964513,55.39722671528344,32.62300544858735,262.9922236782372,0.0
15.906771359029648,67.995125573525,15.309017629675132,879.0923556626243,1.0
19.34733067392231,63.27610428676876,35.83503821499646,68.15727791477889,0.0
70.75740115362416,29.6151860884796,35.49045177142054,706.2699734404473,0.0
75.03332049982704,23.55197544523581,19.37013429744213,523.5796128437125,0.0
64.40315166336723,30.68202279217328,36.80759705437104,752.987432994611,0.0
59.31506979367351,38.27659641599033,23.283438155913547,781.1454049311086,0.0
67.56946205282483,73.75737179238571,15.953716991779883,314.39733383247614,0.0
47.190167340619176,34.71045418758502,25.268580532445085,935.689153610368,1.0
46.43923262466684,20.281395540898533,27.659240382856325,973.3285293462276,1.0
35.39718543025175,83.32639063816993,24.69030103060583,543.5028916134365,0.0
48.92868022184453,68.12533107837045,34.96169171108527,397.6000301215436,0.0
70.5905214181214,24.33570227922326,20.75702382575264,390.3504591520927,0.0
53.67705749489565,24.867639986890847,19.39812972587768,670.8722846500887,0.0
36.9046049792988,40.49966357204013,25.349338187484125,815.5665684678527,0.0
32.19543985891739,82.21235470557055,25.072603157703185,110.86061397778876,0.0
18.637276968277657,60.64473498177505,38.946349133801306,834.3041545416047,1.0
48.19978101178358,29.948136697759736,23.666767217789463,905.4307164852202,1.0
40.866762031894105,23.432364859374463,17.150133388788955,531.0453928596885,0.0
68.84718575963745,37.581568830856575,18.08466201308228,988.4694932498334,0.0
40.55074631478889,69.55861815519137,17.13504010729103,274.2712191800689,0.0
57.73032745210449,88.90461628158278,25.83124581711315,193.22423402278665,0.0
47.48169712422323,22.742505178106683,26.992900087425163,802.3206026716617,1.0
56.50877095394864,50.52842870359598,36.10638943766968,169.968208397328,0.0
41.0585586477842,89.19259913162675,24.07634634320381,187.898611716323,0.0
19.76325320008857,81.14697086907148,11.985736168518685,197.4131509705983,0.0
76.70642149666286,85.35527006446755,32.586090720442485,71.28994325214595,0.0
46.25554275372724,82.16233475292518,14.57798222664016,368.38747315680376,0.0
47.55422143174064,54.3429550150016,30.128044811303777,962.992331428522,0.0
60.27743797446697,48.4775362817322,36.62697715324697,886.9909670267925,0.0
74.35489987342538,63.71632543068095,28.2697560118182,58.34749751622894,0.0
57.23069122941396,68.51280870588717,32.091192169062666,876.295473163213,0.0
24.18476540071189,56.1326897878199,37.85779805845999,135.0237420480439,0.0
52.3632376251857,80.5824660757529,35.50171864907625,741.9352366846117,0.0
43.42483890503765,72.37505776501631,20.140053119521117,324.4760220379758,0.0
70.75652631611001,76.16516790383031,13.292345836588826,119.92013619731836,0.0
54.51178415454219,25.877040937782,33.18875733359471,550.8180682477206,0.0
63.87492235100945,59.45550301661928,39.51712079086892,863.2330877625043,0.0
30.29562881437212,74.50370056536525,38.0921904704721,953.8768582266088,1.0
50.254100674180926,59.903139931564105,31.324585745650623,687.7593774848306,0.0
68.34276443047807,67.62909250116147,17.64529120108805,668.8756113250461,0.0
76.84555777139863,89.68419437141077,16.740685921179548,755.9413635202321,0.0
43.524807782340496,38.646991175151726,11.961145428714016,77.33379377857305,0.0
79.06585832903116,83.62886356050734,33.25256589087698,634.7030858673977,0.0
56.795808053521725,55.44459794232488,10.380549039759169,119.9278759185256,0.0
64.36812725740583,45.84038516917045,22.553770585285417,436.0535206977918,0.0
14.927845218288423,25.87236316054686,15.553103729391248,694.4796351972963,1.0
23.58270368370069,36.84289582353862,20.391010076075855,275.861659410313,1.0
44.17648768749409,69.86721940845705,30.377170623247927,93.74501959894415,0.0
66.75253600408942,64.10819391395587,29.19211998790989,676.0918100060792,0.0
11.24251800230605,22.51267453180158,34.059293216465896,222.8784086694578,1.0
40.3090621807971,32.23364065745506,16.010979005178207,147.9665185862759,0.0
30.840222875097886,43.38257837012594,31.79063887868136,219.3472069206,0.0
33.621954780261255,29.032531865940197,34.542173475489705,428.7257021795082,0.0
70.57022969706026,56.0115382759472,33.54174058254048,674.7442450947245,0.0
57.91882101201979,35.28897418120075,21.88235678934802,428.20154923435854,0.0
72.07629304374419,47.78339071520355,32.51191683474072,618.5764849539244,0.0
68.81274704036551,28.92119079243688,27.81342447482936,794.9769652228991,0.0
57.84108279642454,78.87284360096035,10.854646070181769,76.7982620712848,0.0
52.60302752687741,87.62085542150946,12.07252717757888,829.6163161821429,0.0
33.32166530032157,28.94958820307583,26.163456386595872,414.3766097849902,0.0
16.058903229465624,21.11026053530888,28.535292722943463,108.21490301996292,0.0
75.91863507602689,65.22114411634203,26.63291621299637,366.4893257401576,0.0
74.63052211142487,29.78816233307949,32.66141213659764,964.4156154956988,0.0
46.3502489937982,83.93191255714936,30.755921902507417,74.22276219335056,0.0
38.04916587657583,70.97819231406427,37.41052611938475,829.2135775738749,1.0
13.445102277948592,28.734576525336937,16.496715076003944,464.3412071827146,1.0
22.432879110193426,49.6208540398916,23.41531184539564,270.75370893932705,1.0
27.66272791917978,21.13749170201252,12.794053846360146,52.522404254329125,0.0
72.06565682930064,26.04848560282261,24.50592537485163,170.60723484590932,0.0
58.69093452706538,58.08666573116723,21.9843610446294,241.9154987765342,0.0
52.2338186209021,42.976839080939925,30.731194739269483,715.5815736849617,0.0
31.1631931797237,51.433263033719925,38.77449539661825,796.0485480245363,0.0
55.49901351608205,29.89418711835201,25.127405461892703,306.43650142938145,0.0
25.362338061299887,28.50265405991329,28.837022984775345,391.3006837431364,1.0
13.254922673398417,34.1513847320719,35.495503444293945,246.92242258126933,1.0
42.296131671479785,47.19945264380482,25.72294355761908,485.942912926594,0.0
43.47314760452315,76.46221312234323,11.454778473308457,486.74795267192246,0.0
24.118913809567537,89.09337368475511,26.796561743082425,295.2184906911328,0.0
34.50409452980213,51.22041281258894,36.276781127999314,514.2808643164472,0.0
61.08804503182881,67.51116475132706,26.019529868484717,656.930148284579,0.0
49.444704741645175,66.00189549558536,28.36155329585736,626.1000649889538,0.0
70.82937257904337,33.1611895825408,37.4649696781128,637.5860124017638,0.0
24.35733287122098,53.47906620635008,39.53046622879333,878.8757737144458,1.0
45.61929631662673,56.05991871540088,36.15029572917186,404.0845293746816,0.0
72.34878166547976,60.59322732233473,33.77544782182581,667.7407504399558,0.0
16.484035706568477,86.96497350912472,22.8878420709366,777.642495779088,0.0
10.40131730727453,77.032730576845,18.056464894045096,408.1431351716754,1.0
43.5307311009839,87.48665293204441,14.224232589814022,362.6359352778694,0.0
38.75948275554838,48.829486011965145,15.098696708743596,924.574978269302,0.0
14.140502675726824,40.73745812015817,14.644067934395151,828.0055515807451,1.0
27.41234276728481,59.08356818363352,29.459113702472184,900.5174297194826,1.0
71.37843230936556,76.66703295877556,15.152080165791968,786.5999287846332,0.0
26.924010065522225,64.17327538243696,25.64686336327841,214.4814366066041,1.0
48.20512309839334,36.322780357579546,33.912433247948165,260.81116848796967,0.0
59.830553114029456,68.48680045195474,25.43582496951418,115.1943546651146,0.0
13.402725304577356,61.488756592072455,27.050348656741416,247.30197150990352,1.0
33.23005012934958,49.48272283588457,11.721853386171166,818.2377585007323,0.0
57.88215942211257,33.832301608521426,12.645808867486508,494.1914532914074,0.0
51.26780858573956,26.868896687046817,25.068528196372,942.3862020607876,1.0
20.937414836131765,65.84726969951198,12.580173995349778,214.44051371038316,0.0
58.90969993152072,83.4661338211037,18.753872206303758,380.9327246798644,0.0
10.456938725650362,65.2172447825505,32.5115206240114,130.93395697151217,0.0
17.96749912570705,25.81169655979051,30.721787890787063,760.4489621836095,1.0
